{
  "symptom": {
    "precision": 0.9995348837209302,
    "recall": 1.0,
    "f1-score": 0.9997673877645964,
    "support": 2149
  },
  "name": {
    "precision": 1.0,
    "recall": 1.0,
    "f1-score": 1.0,
    "support": 11
  },
  "emotion": {
    "precision": 0.9974811083123426,
    "recall": 0.9924812030075187,
    "f1-score": 0.9949748743718593,
    "support": 399
  },
  "location": {
    "precision": 1.0,
    "recall": 1.0,
    "f1-score": 1.0,
    "support": 429
  },
  "micro avg": {
    "precision": 0.9993304318714429,
    "recall": 0.998995983935743,
    "f1-score": 0.999163179916318,
    "support": 2988
  },
  "macro avg": {
    "precision": 0.9992539980083183,
    "recall": 0.9981203007518797,
    "f1-score": 0.9986855655341139,
    "support": 2988
  },
  "weighted avg": {
    "precision": 0.9993291256134216,
    "recall": 0.998995983935743,
    "f1-score": 0.9991616771019041,
    "support": 2988
  }
}